ID;Tipo;Grupo;Requisito;Norma
MS01;SECCION;PLANOS ESTRUCTURALES;PLANOS ESTRUCTURALES;
M001;REQUISITO;PLANOS ESTRUCTURALES;Coincide con el plano arquitectónico (ejes, niveles, # y dimensiones de columnas, volados y pozos);
M002;REQUISITO;PLANOS ESTRUCTURALES;Detalle de la junta sísmica entre estructuras adyacentes.;
MS02;SECCION;1. CIMENTACIÓN;1. CIMENTACIÓN;
M003;REQUISITO;1. CIMENTACIÓN;1.1. Planta de Cimentación (Disposición de las zapatas considerando los linderos);
M004;REQUISITO;1. CIMENTACIÓN;1.1.1 Incorporación de vigas de conexión al tener excentricidad en las zapatas de lindero.;
M005;REQUISITO;1. CIMENTACIÓN;1.2. Detalle de corte longitudinal de cimentación, indicando altura de: replantillo, recubrimiento, zapata, relleno de suelo, cimiento de la cadena, cadena de amarre, la profundidad total de cimentación, y colocar la sección de columna;
M006;REQUISITO;1. CIMENTACIÓN;1.3. Detalle de corte transversal de cimentación indicando: dimensiones en planta, armado de acero de refuerzo en ambas direcciones, sección y ubicación de la columna, esto dependiendo de los tipos de plintos existentes;
M007;REQUISITO;1. CIMENTACIÓN;1.4. Cuadro de plintos, en el que se indique ubicación y tipo de plinto, el diámetro de acero de refuerzo a utilizar con su respectiva separación, espesor del plinto y profundidad de cimentación.;
M008;REQUISITO;1. CIMENTACIÓN;1.5. Verificación de dimensiones en planta, profundidad, espesor, separaciones entre varillas y cuantías de acero mínimas.;
M009;REQUISITO;1. CIMENTACIÓN;1.6.Para zapatas corridas aplica los mismos requisitos anteriores, pero además incluir detalle de corte en ambos sentidos.;
M010;REQUISITO;1. CIMENTACIÓN;1.7. Muros de Contención;
M011;REQUISITO;1. CIMENTACIÓN;1.8. Vigas de Cimentación.;
M012;REQUISITO;1. CIMENTACIÓN;1.9. Losas de Cimentación.;
M013;REQUISITO;1. CIMENTACIÓN;1.10. Recubrimiento mínimo libre de concreto para elementos expuestos a la intemperie ACI-318-19.;ACI-318-19
MS03;SECCION;2.1. Columnas de Hormigón Armado;2.1. Columnas de Hormigón Armado;
M014;REQUISITO;2.1. Columnas de Hormigón Armado;2.1.1. Cuadro de Columnas (tipo de columna, ubicación, niveles, cortes longitudinales y transversales);
M015;REQUISITO;2.1. Columnas de Hormigón Armado;2.1.2. Corte Longitudinal el cual contenga: niveles, distribución de acero longitudinal y transversal, separación entre estribos, longitud de desarrollo para traslape de varillas longitudinales acotada de acuerdo al ACI-318-19.;ACI-318-19
M016;REQUISITO;2.1. Columnas de Hormigón Armado;2.1.3. Corte Transversal en cual contenga: dimensiones, distribución del acero longitudinal y transversal, separación entre estribos, recubrimiento mínimo libre de concreto para columnas de acuerdo al ACI-318-19 acotado.;ACI-318-19
M017;REQUISITO;2.1. Columnas de Hormigón Armado;2.1.4. Dimensión más pequeña de la sección transversal para elementos sometidos a flexo compresión (columnas), NEC-SE-HM-2015.;NEC-SE-HM-2015
M018;REQUISITO;2.1. Columnas de Hormigón Armado;2.1.5. Cuantía de acero longitudinal mínima y máxima de acuerdo a la NEC-SE-HM-2015;NEC-SE-HM-2015
M019;REQUISITO;2.1. Columnas de Hormigón Armado;2.1.6. Separación libre mínima entre varillas longitudinales de acuerdo a lo especificado en el ACI-318-19.;ACI-318-19
M020;REQUISITO;2.1. Columnas de Hormigón Armado;2.1.7. Localización de la zona permitida para traslapos del refuerzo longitudinal de acuerdo a la NEC-SE-HM 2015.;NEC-SE-HM 2015
M021;REQUISITO;2.1. Columnas de Hormigón Armado;2.1.8. Longitudes de confinamiento (Lo) en columnas de acuerdo a la NEC-SE-HM-2015;NEC-SE-HM-2015
M022;REQUISITO;2.1. Columnas de Hormigón Armado;2.1.9. Separación entre estribos de columnas en la longitud de confinamiento (Lo) y fuera de la misma, de acuerdo a la NEC-SE-HM-2015.;NEC-SE-HM-2015
M023;REQUISITO;2.1. Columnas de Hormigón Armado;2.1.10. Diámetro mínimo para refuerzo transversal (Estribos);
M024;REQUISITO;2.1. Columnas de Hormigón Armado;2.1.11. Área mínima para refuerzos transversales de acuerdo a lo especificado en la NEC-SE-HM-2015;NEC-SE-HM-2015
M025;REQUISITO;2.1. Columnas de Hormigón Armado;2.1.12. Una dimensión del elemento es 500 mm o superior se debe colocar varillas suplementarias de acuerdo a lo señalado en la NEC-SE-HM-2015.;NEC-SE-HM-2015
M026;REQUISITO;2.1. Columnas de Hormigón Armado;"2.1.13. Existen muros o paredes integrados a las columnas, que producen ""columnas cortas"" que sean parte del sistema estructural sismo resistente.";
MS04;SECCION;2.2. Columnas de Acero;2.2. Columnas de Acero;
M027;REQUISITO;2.2. Columnas de Acero;2.2.0 Columna compacta;
M028;REQUISITO;2.2. Columnas de Acero;2.2.1. Vista en elevación de todos los pórticos que contenga: tipo de columna, distribución de los perfiles estructurales de acero en los diferentes niveles, etc.;
M029;REQUISITO;2.2. Columnas de Acero;2.2.2. Corte Transversal en cual contenga: dimensiones y tipo de perfil, etc.;
M030;REQUISITO;2.2. Columnas de Acero;2.2.3. Cuadro de Columnas (tipo de columna, ubicación, niveles, cortes longitudinales con traslapes de ser el caso y transversales);
MS05;SECCION;2.3. Otros Tipos de Elementos;2.3. Otros Tipos de Elementos;
M031;REQUISITO;2.3. Otros Tipos de Elementos;2.3.1. Muros de Corte;
M032;REQUISITO;2.3. Otros Tipos de Elementos;2.3.2. Muros portantes de Mampostería;
MS06;SECCION;3.1. Vigas de Hormigón Armado;3.1. Vigas de Hormigón Armado;
M033;REQUISITO;3.1. Vigas de Hormigón Armado;3.1.1. Corte Longitudinal el cual contenga: niveles, distribución de acero longitudinal y transversal, separación entre estribos y longitud de desarrollo para traslape de varillas longitudinales de acuerdo al ACI-318-19 acotada.;ACI-318-19
M034;REQUISITO;3.1. Vigas de Hormigón Armado;3.1.2. Corte Transversal en cual contenga: dimensiones, distribución del acero longitudinal y transversal, separación entre estribos y recubrimiento libre mínimo de concreto para vigas según el ACI-318-19 acotado.;ACI-318-19
M035;REQUISITO;3.1. Vigas de Hormigón Armado;3.1.3. Ancho mínimo para elementos sometidos a flexión (vigas), NEC-SE-HM-2015.;NEC-SE-HM-2015
M036;REQUISITO;3.1. Vigas de Hormigón Armado;3.1.4. Cuantía de acero longitudinal mínima y máxima en vigas de acuerdo a la NEC-SE-HM-2015;NEC-SE-HM-2015
M037;REQUISITO;3.1. Vigas de Hormigón Armado;3.1.6. Separación libre mínima entre varillas longitudinales de acuerdo a lo especificado en el ACI-318-19.;ACI-318-19
M038;REQUISITO;3.1. Vigas de Hormigón Armado;3.1.7. Coloca varillas longitudinales adicionales distribuidas en la altura del estribo con separación no mayor a 350 mm en regiones de confinamiento, cuando la altura de la sección sea 800 mm o más.;
M039;REQUISITO;3.1. Vigas de Hormigón Armado;3.1.8. Localización de la zona permitida para traslapos del refuerzo longitudinal de acuerdo a la NEC-SE-HM2015.;NEC-SE-HM2015
M040;REQUISITO;3.1. Vigas de Hormigón Armado;3.1.9. Separación entre estribos en zonas de traslape de acuerdo a la NEC-SE-HM-2015;NEC-SE-HM-2015
M041;REQUISITO;3.1. Vigas de Hormigón Armado;3.1.10. Longitudes de confinamiento (2h) en vigas de acuerdo a la NEC-SE-HM-2015;NEC-SE-HM-2015
M042;REQUISITO;3.1. Vigas de Hormigón Armado;3.1.11. Separación entre estribos en vigas en la longitud de confinamiento (2h) y fuera de la misma, de acuerdo a la NEC-SE-HM-2015.;NEC-SE-HM-2015
M043;REQUISITO;3.1. Vigas de Hormigón Armado;3.1.12. Diámetro mínimo para refuerzo transversal (Estribos);
MS07;SECCION;3.2. Vigas de Acero;3.2. Vigas de Acero;
M044;REQUISITO;3.2. Vigas de Acero;3.2.0 Sección sísmicamente compacta según AISC 360-16.;AISC 360-16
M045;REQUISITO;3.2. Vigas de Acero;3.2.1. Corte en planta de todos los pisos el cual contenga: tipo de viga, distribución de los perfiles estructurales de acero en los diferentes niveles, etc.;
M046;REQUISITO;3.2. Vigas de Acero;3.2.2. Corte Transversal en cual contenga: dimensiones y tipo de perfil, etc.;
MS08;SECCION;3.3 Conexiones de acero estructural;3.3 Conexiones de acero estructural;
M047;REQUISITO;3.3 Conexiones de acero estructural;3.3.1. Detalles de conexión o soldadura (tipo y electrodo), ensamblaje y anclaje de perfiles estructurales de acero compuestos.;
M048;REQUISITO;3.3 Conexiones de acero estructural;3.3.2. Detalle de conexión CORDÓN-MONTANTE-DIAGONAL;
M049;REQUISITO;3.3 Conexiones de acero estructural;3.3.3. Detalle de conexión cumbrero y cubierta;
MS09;SECCION;4.1. Losa Alivianada de Hormigón Armado en 1 y 2 direcciones.;4.1. Losa Alivianada de Hormigón Armado en 1 y 2 direcciones.;
M050;REQUISITO;4.1. Losa Alivianada de Hormigón Armado en 1 y 2 direcciones.;4.1.1. Corte Transversal en cual contenga altura y ancho de: alivianamientos, nervios, loseta de compresión, losa, así también la distribución de acero de refuerzo superior e inferior.;
M051;REQUISITO;4.1. Losa Alivianada de Hormigón Armado en 1 y 2 direcciones.;4.1.2. Reticulado de losa con su respectivo detalle de acero de refuerzo superior e inferior.;
M052;REQUISITO;4.1. Losa Alivianada de Hormigón Armado en 1 y 2 direcciones.;4.1.3. Cuantía de acero longitudinal mínima para losas de acuerdo al ACI-318-19;ACI-318-19
M053;REQUISITO;4.1. Losa Alivianada de Hormigón Armado en 1 y 2 direcciones.;4.1.4. Longitud de desarrollo para traslape de varillas longitudinales de acuerdo al ACI-318-19;ACI-318-19
MS10;SECCION;4.2. Losa tipo DECK;4.2. Losa tipo DECK;
M054;REQUISITO;4.2. Losa tipo DECK;4.2.1. Corte transversal que contenga: espesor de la placa colaborante, espesor de la losa de hormigón sobre la cresta del panel, ubicación y tipo de conectores de corte y su separación, malla electrosoldada, etc.;
M055;REQUISITO;4.2. Losa tipo DECK;4.2.2. Detalle de sentido de colocación de las placas, anclaje y ensamblaje.;
MS11;SECCION;4.3. Cubierta Metálica;4.3. Cubierta Metálica;
MS12;SECCION;5. ESCALERAS;5. ESCALERAS;
M056;REQUISITO;5. ESCALERAS;5.1. Cortes longitudinales de gradas con su respectiva cantidad de acero de refuerzo, separación entre varillas según sea el caso.;
M057;REQUISITO;5. ESCALERAS;5.2. Espesores de losas para escalera, así como también dimensiones de huella y contra huella mínimas.;
M058;REQUISITO;5. ESCALERAS;5.3. Detalle de la cimentación para gradas de ser el caso.;
M059;REQUISITO;5. ESCALERAS;5.4. Separación mínima y máxima de varillas;
M060;REQUISITO;5. ESCALERAS;5.5. Detalle del elemento de apoyo de la grada (viga de descanso entre otros.);
M061;REQUISITO;5. ESCALERAS;"6.1. Detalle de los elementos considerados complementarios (detalles de vigas y columnas de confinamiento; de cumbrero, de vigas de bordes, entre otros detalles que se requieran necesarios en función de la obra)";
M062;REQUISITO;5. ESCALERAS;7.1. Planilla de acero de refuerzo de los diferentes elementos estructurales, en concordancia con las marcas y cantidades indicadas en los detalles presentados en planos, incluyendo un resumen de peso total de cada diámetro de varilla.;
M063;REQUISITO;5. ESCALERAS;7.1.1. Ganchos mínimos para acero longitudinal y transversal.;
M064;REQUISITO;5. ESCALERAS;7.2. Planilla de acero estructural según se presenten los elementos de acero estructural, tipos de perfiles, espesores, peso unitario y peso total.;
MS13;SECCION;8. RESUMEN DE MATERIALES;8. RESUMEN DE MATERIALES;
M065;REQUISITO;8. RESUMEN DE MATERIALES;8.1. Especificar en un cuadro el resumen de los materiales a emplearse en los diferentes elementos estructurales que contemple la obra.;
MS14;SECCION;9. RESUMEN DE ESPECIFICACIONES TÉCNICAS DE MATERIALES;9. RESUMEN DE ESPECIFICACIONES TÉCNICAS DE MATERIALES;
MS15;SECCION;10. TIPO DE HIERROS;10. TIPO DE HIERROS;
